use RecipeOrganize
go
drop database RecipeOrganize
create database RecipeOrganize
CREATE TABLE account (
 
  userID INT IDENTITY(1,1) PRIMARY KEY,
  userName VARCHAR(30) UNIQUE NOT NULL,
  password VARCHAR(30) NOT NULL,
  fullName VARCHAR(30) NOT NULL,
  phone VARCHAR(12) NULL,
  status INT NOT NULL,
  role bit NOT NULL,
  token NVARCHAR(50) NOT NULL,
  email VARCHAR(100) UNIQUE NOT NULL,
  image_path VARCHAR(255)
);

CREATE TABLE category (
  categoryID INT PRIMARY KEY,
  categoryName VARCHAR(100) NOT NULL
);

CREATE TABLE recipe (
  recipeID INT PRIMARY KEY NOT NULL,
  recipeName VARCHAR(50) NOT NULL,
  caloRecipe FLOAT NULL,
  description TEXT NULL,
  imgUrl VARCHAR(50) NULL,
  avgRating INT NOT NULL,
  difficulty VARCHAR(50) NULL,
  ingredient_table TEXT NULL,
  categoryID INT,
  FOREIGN KEY (categoryID) REFERENCES category(categoryID)
);

CREATE TABLE favorite (
  favoriteID INT PRIMARY KEY NOT NULL,
  userID INT,
  recipeID INT,
  FOREIGN KEY (userID) REFERENCES account(userID),
  FOREIGN KEY (recipeID) REFERENCES recipe(recipeID)
);

CREATE TABLE mealPlan (
  planID INT IDENTITY(1,1) PRIMARY KEY,
  planDate DATE NULL,
  userID INT,
  recipeID INT,
  FOREIGN KEY (userID) REFERENCES account(userID),
  FOREIGN KEY (recipeID) REFERENCES recipe(recipeID)
);

CREATE TABLE feedback (
  feedbackID INT IDENTITY(1,1) PRIMARY KEY,
  rating INT NULL,
  comment TEXT NULL,
  feedbackDate DATE NULL,
  userName VARCHAR(30)NOT NULL,
  recipeID INT,
  FOREIGN KEY (userName) REFERENCES account(userName),
  FOREIGN KEY (recipeID) REFERENCES recipe(recipeID)
);

CREATE TABLE ingredient (
  ingredientID INT PRIMARY KEY NOT NULL,
  ingredientName VARCHAR(50) NULL,
  caloIn VARCHAR(50) NULL,
  quantity VARCHAR(50) NULL,
  unit VARCHAR(50) NULL,
  recipeID INT,
  FOREIGN KEY (recipeID) REFERENCES recipe(recipeID)
);

CREATE TABLE step (
  stepID INT PRIMARY KEY,
  descriptionName TEXT NULL,
  recipeID INT,
  FOREIGN KEY (recipeID) REFERENCES recipe(recipeID)
);
-- Chèn dữ liệu vào bảng account
INSERT INTO account (userName, password, fullName, phone, status, role, token, email, image_path)
VALUES ('admin', '123', 'John Doe', '1234567890', 1, 1, 'token123', 'abc@gmail.com', 'img\recipe\logo.png'),
       ('jane456', '456', 'Jane Smith', '9876543210', 0, 0, 'token456', 'abcd@gmail.com', 'img\recipe\logo.png'),
	   ('mary789', '789', 'Mary Johnson', '5555555555', 1, 0, 'token789', 'abcde@gmail.com', 'img\recipe\logo.png');

-- Chèn dữ liệu vào bảng category
INSERT INTO category (categoryID, categoryName)
VALUES (1, 'Main Dish'),
       (2, 'Pasta'),
	   (3, 'Salad'),
	   (4, 'Vegetarian'),
	   (5, 'Oats'),
	   (6, 'Dessert'),
	   (7, 'Bakery');

-- Chèn dữ liệu vào bảng recipe
INSERT INTO recipe (recipeID, recipeName, caloRecipe, description, imgUrl, avgRating, difficulty, ingredient_table, categoryID)
VALUES (1, 'Chicken Stir-Fry', 500, 'Delicious stir-fried chicken with vegetables.', 'img/recipe/image1.jpg',3,'Easy', '4 cups water|2 cups white rice|⅔ cup soy sauce|¼ cup brown sugar|1 tablespoon cornstarch|1 tablespoon minced fresh ginger|1 tablespoon minced garlic|¼ teaspoon red pepper flakes|V3 skinless, boneless chicken breast halves, thinly sliced|2 tablespoons sesame oil, divided|1 head broccoli, broken into florets|V1 onion, cut into large chunks|1 cup sliced carrots|V1 (8 ounce) can sliced water chestnuts, drained|1 green bell pepper, cut into matchsticks', 1),
       (2, 'Spaghetti Bolognese', 600, 'Classic Italian pasta dish with meat sauce.', 'img/recipe/image2.jpg',4, 'Medium', '4 cups water|2 cups white rice|⅔ cup soy sauce|¼ cup brown sugar|1 tablespoon cornstarch|1 tablespoon minced fresh ginger|1 tablespoon minced garlic|¼ teaspoon red pepper flakes|V3 skinless, boneless chicken breast halves, thinly sliced|2 tablespoons sesame oil, divided|1 head broccoli, broken into florets|V1 onion, cut into large chunks|1 cup sliced carrots|V1 (8 ounce) can sliced water chestnuts, drained|1 green bell pepper, cut into matchsticks', 2),
	   (3, 'Greek Salad', 300, 'Refreshing salad with tomatoes, cucumbers, and feta cheese.', 'img/recipe/image3.jpg',5, 'Easy', '4 cups water|2 cups white rice|⅔ cup soy sauce|¼ cup brown sugar|1 tablespoon cornstarch|1 tablespoon minced fresh ginger|1 tablespoon minced garlic|¼ teaspoon red pepper flakes|V3 skinless, boneless chicken breast halves, thinly sliced|2 tablespoons sesame oil, divided|1 head broccoli, broken into florets|V1 onion, cut into large chunks|1 cup sliced carrots|V1 (8 ounce) can sliced water chestnuts, drained|1 green bell pepper, cut into matchsticks', 3),
	   (4, 'Vegetable Stir-Fry', 400, 'Healthy stir-fried vegetables with tofu.', 'img/recipe/image4.jpg',3, 'Easy', '4 cups water|2 cups white rice|⅔ cup soy sauce|¼ cup brown sugar|1 tablespoon cornstarch|1 tablespoon minced fresh ginger|1 tablespoon minced garlic|¼ teaspoon red pepper flakes|V3 skinless, boneless chicken breast halves, thinly sliced|2 tablespoons sesame oil, divided|1 head broccoli, broken into florets|V1 onion, cut into large chunks|1 cup sliced carrots|V1 (8 ounce) can sliced water chestnuts, drained|1 green bell pepper, cut into matchsticks', 4),
	   (5, 'Quinoa Oats', 350, 'Healthy and nutritious salad with quinoa, vegetables, and dressing.', 'img/recipe/image5.jpg',4, 'Easy', '4 cups water|2 cups white rice|⅔ cup soy sauce|¼ cup brown sugar|1 tablespoon cornstarch|1 tablespoon minced fresh ginger|1 tablespoon minced garlic|¼ teaspoon red pepper flakes|V3 skinless, boneless chicken breast halves, thinly sliced|2 tablespoons sesame oil, divided|1 head broccoli, broken into florets|V1 onion, cut into large chunks|1 cup sliced carrots|V1 (8 ounce) can sliced water chestnuts, drained|1 green bell pepper, cut into matchsticks', 5),
	   (6, 'Chocolate Brownies', 400, 'Rich and decadent chocolate brownies.', 'img/recipe/image6.jpg',5,'Medium', '4 cups water|2 cups white rice|⅔ cup soy sauce|¼ cup brown sugar|1 tablespoon cornstarch|1 tablespoon minced fresh ginger|1 tablespoon minced garlic|¼ teaspoon red pepper flakes|V3 skinless, boneless chicken breast halves, thinly sliced|2 tablespoons sesame oil, divided|1 head broccoli, broken into florets|V1 onion, cut into large chunks|1 cup sliced carrots|V1 (8 ounce) can sliced water chestnuts, drained|1 green bell pepper, cut into matchsticks', 6),
	   (7, 'Vanilla Cupcakes', 250, 'Classic vanilla cupcakes with buttercream frosting.', 'img/recipe/image7.jpg',3, 'Easy', '4 cups water|2 cups white rice|⅔ cup soy sauce|¼ cup brown sugar|1 tablespoon cornstarch|1 tablespoon minced fresh ginger|1 tablespoon minced garlic|¼ teaspoon red pepper flakes|V3 skinless, boneless chicken breast halves, thinly sliced|2 tablespoons sesame oil, divided|1 head broccoli, broken into florets|V1 onion, cut into large chunks|1 cup sliced carrots|V1 (8 ounce) can sliced water chestnuts, drained|1 green bell pepper, cut into matchsticks', 7),
	   (8, 'Vietnamese fried spring rolls', 153, 'A dish that is crispy on the outside, but has a rich and delicious filling on the inside.', 'img/recipe/image8.jpg',5, 'Medium','250g minced pork|250g minced pork |250g minced pork |100g peeled bean sprouts |100g peeled bean sprouts |100g shredded bean sprouts |Eggs (2 fruits) |Salt, sugar, pepper, seasoning, seasoning |Salt, sugar, pepper, seasoning, seasoning |Salt, sugar, pepper, seasoning, seasoning', 1),
	   (9, 'Delicious Egg Fried Rice', 520, 'Delicious and attractive egg fried rice.', 'img/recipe/image10.jpg',3, 'Easy', '1 cup cooked rice|1 onion|4 eggs|Scallions|Fish sauce', 1),
	   (10, 'Fried rice with egg roll', 600, 'Egg rice rolls for an energetic breakfast.', 'img/recipe/image11.jpg',4,'Easy','1 cup cooked rice|50g corn kernels|50g carrots|50g peas|50g shrimp|50g chicken breast|3 chicken eggs|5 dried shiitake mushrooms|Cucumber|Scallions, coriander, dried onions|Powder sweet, seasoning, pepper, soy sauce, chili sauce',1),
	   (11, 'Salted egg fried rice', 700, 'Delicious salted egg fried rice.', 'img/recipe/image12.jpg', 4, 'Easy', '2 salted duck egg yolks | Cooked rice | 100g fresh shrimp | 1 sausage | Green onions, garlic, chili peppers | Soy sauce | Peas, sweet corn',1),
	   (12, 'Japanese egg fried rice', 720, 'Japanese style egg fried rice.', 'img/recipe/image13.jpg', 3, 'Easy', '200g fresh shrimp|1 cup cooked rice|2 chicken eggs|1 small onion|60ml fresh milk without sugar|Mayonnaise|Tomato sauce|Salt, sugar, soy sauce, cooking oil, pepper',1),
	   (13, 'Korean egg fried rice', 550, 'Korean style fried rice looks so good.', 'img/recipe/image14.jpg', 4, 'Medium', 'Cooked rice | Corn, red cabbage | Shrimp, squid | 3 eggs | Shiitake mushrooms | Green onions, cilantro | Seasoning seeds, pepper, soy sauce, chili sauce, pepper',1),
	   (14, 'Oysters fried with eggs', 510, 'Delicious and nutritious egg fried oysters.', 'img/recipe/image15.jpg', 4, 'Medium', 'Industrial duck or chicken eggs: 3-4 eggs|Fresh milk oysters: 1kg|Scallions: 50gr|Onions: 3-4 bulbs|Fresh milk: 2 teaspoons (optional)|Onions: 1 bulb Medium | Cooking oil: 5 tsp | Fish sauce: 3 tsp | Seasoning: 1 tsp | Iodized salt: 1/2 tsp | Soup powder: 1/2 tsp | White sugar : 1 teaspoon|Grated pepper: 1 teaspoon|Monosodium glutamate: 1 teaspoon',1),
	   (15, 'Fried salt chicken', 1500, 'The Secret to Making Crispy Salted Chicken with Delicious Taste of Restaurant.', 'img/recipe/image16.jpg', 5, 'Hard', 'Chicken: 500g | Tapioca flour: 100g | Glutinous rice: 80g | Green beans with shell: 40g | Grain salt: 30g | Pepper: 10g | Ground pepper: ½ tsp | Seasoning: 1 tsp | Monosodium glutamate: ½ tsp coffee|Fish sauce: 2 teaspoons|Egg yolk: 1 pc|Lemongrass: 5 plants|Lemon leaves: 10 leaves|Ginger: 1 bulb|Garlic: 1 bulb|Eating oil: 150ml',1),
	   (16, 'Deep-fried red snapper', 600, 'Crispy fried red snapper is delicious like a restaurant.', 'img/recipe/image17.jpg', 5, 'Hard', ' 1 red tilapia (1.5 kg is medium) | 1 pack of breadcrumbs (available at markets or supermarkets) | 1 pack of fried flour | 2 eggs | Seasonings: fish sauce, sugar, pepper , seasonings|Eating oil|Utensils: pan, bowl, knife, plate, absorbent paper, towel',1),
	   (17, 'Fried red snapper with lemongrass and chili', 730, 'Spicy and fragrant with fried red catfish with lemongrass and chili.', 'img/recipe/image18.jpg', 4, 'Medium', ' 600gr red tilapia|2 chili peppers|3 lemongrass plants|Condiments: salt, seasoning, cooking oil, sugar',1),
	   (18, 'delicious fried squid', 1200, 'Best fried squid for weekend party.', 'img/recipe/image19.jpg', 3, 'Easy', ' 2 medium squid | 300g deep fried dough | Deep fried dough | 150g flour | 100ml chili sauce | 15ml soy sauce | Onions, coriander | 2 eggs | Seasoning: Cooking oil, ground pepper, salt, white wine, Fresh Ginger, Mayonnaise Sauce',1),
	   (19, 'fried squid with pepper', 375, 'Fried squid with pepper has a super delicious salty spicy taste.', 'img/recipe/image20.jpg', 3, 'Easy', ' 2 dried squid|Pepper, white sugar, fish sauce, cooking oil|Chili, purple onion|Garlic|Green pepper',1),
	   (20, 'Squid stuffed with deep-fried meat', 1000, 'Delicious crispy fried squid.', 'img/recipe/image21.jpg', 4, 'Medium', ' 1kg fresh squid | 200g fatty pork | 50g shiitake mushrooms | 50g grave mushrooms | Onions, scallions | Vermicelli | White wine, ginger | Fish sauce, salt, pepper, cooking oil, bamboo toothpicks',1),
	   (21, 'Squid stuffed with fried meat and fish sauce', 1435, 'Squid stuffed with fried meat and fish sauce is soft and rich.', 'img/recipe/image22.jpg', 4, 'Medium', ' 500g squid | 300g pork belly | Pepper, sugar, monosodium glutamate, fish sauce, cooking oil, seasoning seeds | Green onions | Bamboo toothpick',1),
	   (22, 'Chicken fried rice with fat', 550, 'Chicken fried rice with fat sauce attracts everyone with crispy pieces of chicken, sprinkled with a layer of golden fat and delicious dipping sauce.', 'img/recipe/image23.jpg', 4, 'Medium', ' ½ chicken cut into pieces.| Cucumber, cherry tomato, wood ear.| Garlic, onion white head, ginger.| Cashews or turmeric.| Spices: seasoning seeds, sugar, soy sauce, chili sauce, chili garlic vinegar',1),
	   (23, 'Crispy fried vegetarian ribs', 450, 'Crispy fried vegetarian ribs made at home.', 'img/recipe/image24.jpg', 4, 'Medium', ' 200gr vegetarian ribs|Salt, monosodium glutamate, pepper, cooking oil|Lemongrass, fresh chili',1),
	   (24, 'Vegetarian ribs with soy sauce', 200, 'Fried vegetarian ribs rimmed with rich soy sauce.', 'img/recipe/image25.jpg', 4, 'Medium', ' 100g vegetarian ribs|1 tablespoon minced onion|Soy sauce, salt, sugar',1),
	   (25, 'Stir-fried beef with french fries', 1900, 'Crispy fried beef with crispy fried rice served.', 'img/recipe/image26.jpg', 4, 'Medium', ' 600 – 700gr Australian beef tenderloin or buy Vietnamese beef is fine|1 large onion|1 green chili|1 red pepper|2 tomatoes|4 potatoes|1 tablespoon oyster sauce (15ml) )|1 tablespoon olive oil (15ml)|5 cloves garlic|Condiments: Salt, MSG, seasoning, sugar, ground pepper|Eating oil|Coriander',1),
	   (26, 'Traditional fried chicken wings with fish sauce', 300, 'Fried chicken wings include ingredients but the taste is attractive.', 'img/recipe/image27.jpg', 4, 'Medium', ' Chicken wings: 4-5 wings.|Garlic: 2 bulbs|Ginger, fresh chili: 1 piece|White wine, grain salt|Condiments: fish sauce, monosodium glutamate , pepper, cooking oil.',1),
	   (27, 'Chicken wings rimmed with onion fish sauce', 1453, 'The delicious taste of onion sauce and fish sauce.', 'img/recipe/image28.jpg', 4, 'Medium', ' Chicken wings: 4 wings|Onion: ½ bulb|Chili: 1 tbsp|Fish sauce: 3 tbsp |Chilli sauce: 1 tbsp|White sugar: 200 gr|Minced garlic: 1 tbsp|Frying powder|Salt, pepper , cooking oil, monosodium glutamate.',1),
	   (28, 'Crispy Fried Chicken Wings KFC Standard', 1100, 'Crispy fried chicken wings are an attractive dish not only for children but also for adults.', 'img/recipe/image29.jpg', 3, 'Easy', ' Chicken wings: 6 – 7 pieces | Deep-fried dough: 250 gr | Cornstarch: 30 gr | Seasoning: salt, seasoning powder, white pepper, chili powder, ketchup, chili sauce, cooking oil.',1),
	   (29, 'Homemade squid cake', 486, 'Fried squid is an attractive dish loved by many people.', 'img/recipe/image30.jpg', 3, 'Medium', ' 700g squid leaves|100g white-leg shrimp|0.5g pork fat|0.5g lean pork meat|Seasoning seeds|Salt, sugar|Grated pepper|Fish sauce|Eating oil.',1),
	   (30, 'Shrimp spring rolls', 1150, 'Binh Dinh shrimp ram cake is a very close, simple but extremely attractive dish and is loved by many people.', 'img/recipe/image31.jpg', 3, 'Medium', ' Crayfish: 200g| Bacon: 200g | Wrapped rice paper | Purple onion: 100g | Herbs, lettuce, cucumber | Spices: salt, pepper, cooking oil, fish sauce.',1),
	   (31, 'Fried egg with minced meat', 528, 'Simple but delicious fried egg with minced meat.', 'img/recipe/image32.jpg', 4, 'Easy', ' Chicken eggs: 3 eggs | Minced lean meat: 100g | Dried red onions: 1 onion | Green onions: 30g | Spices: salt, delicious fish sauce, pepper.',1),
	   (32, 'Fried tofu with cheese', 750, 'Crispy, crispy fried tofu with cheese, delicious and attractive.', 'img/recipe/image33.jpg', 4, 'Medium', ' Tofu: 4 pieces|Bacon: 4 pieces|Cheese: 4 pieces|Eggs: 1 piece|Condiments: salt, flour, breadcrumbs.',1),
	   (33, 'Crispy fried corn', 433 , 'Crispy fried corn cake eaten with raw vegetables is very delicious.', 'img/recipe/image34.jpg', 3, 'Medium', ' Medium size corn: 2 pieces | Crispy dough: 2 tablespoons | Chicken eggs: 1 fruit | Purple onion: 3 peeled, minced | Green onions or chives (can be substituted with cilantro) finely chopped |Condiments: Cooking oil/ unsalted butter, salt, pepper.',1);
	   (34, 'Delicious crispy fried eel', 800, 'Simple but delicious fried eel dish.', 'img/recipe/image35.jpg', 3, 'Medium', 'Eel: 2 pieces|Chilli, ginger, garlic|Condiments: fish sauce, seasoning, sugar, cooking oil.',1),
	   (35, 'Fried pork intestines with fish sauce', 1700, 'Deep fried pork intestines with strong fish sauce.', 'img/recipe/image36.jpg', 3, 'Medium', '1.5kg pork intestines|Garlic, scallions, chili|Fish sauce, pepper, cooking oil, sugar, vinegar.',1),


-- Chèn dữ liệu vào bảng favorite
INSERT INTO favorite (favoriteID, userID, recipeID)
VALUES (1, 1, 1),
       (2, 2, 2),
	   (3, 3, 3),
	   (4, 1, 4),
	   (5, 2, 5),
	   (6, 1, 6),
	   (7, 2, 7);

INSERT INTO feedback ( rating, comment, feedbackDate, userName, recipeID)
VALUES ( 5, 'Great recipe!', '2023-05-26 10:30:04', 'admin', 1),
       ( 4, 'Tasty recipe!', '2023-05-27 10:35:00', 'mary789', 2),
	   ( 5, 'Delicious and healthy!', '2023-05-28 12:30:00', 'mary789', 3),
	   ( 4, 'Delicious vegetarian dish!', '2023-05-29 9:34:02', 'mary789', 4),
	   ( 5, 'Super tasty and healthy salad!', '2023-05-30 11:30:20', 'admin', 5),
	   ( 4, 'Delicious chocolatey treat!', '2023-06-01 10:30:30', 'admin', 6),
	   ( 5, 'Moist and delicious cupcakes!', '2023-06-02 11:00:06', 'mary789', 7);
-- Chèn dữ liệu vào bảng ingredient
INSERT INTO ingredient (ingredientID, ingredientName, caloIn, quantity, unit, recipeID)
VALUES (1, 'Chicken', '100 calories', '200g', 'grams', 1),
       (2, 'Ground Beef', '200 calories', '250g', 'grams', 2),
	   (3, 'Tomato', '20 calories', '2', 'pieces', 3),
	   (4, 'Tofu', '150 calories', '200g', 'grams', 4),
	   (5, 'Quinoa', '150 calories', '1 cup', 'cup', 5),
	   (6, 'Chocolate', '200 calories', '200g', 'grams', 6),
	   (7, 'Flour', '100 calories', '1 cup', 'cup', 7);
-- Chèn dữ liệu vào bảng step
INSERT INTO step (stepID, descriptionName, recipeID)
VALUES (1, 'Step 1: Prepare the ingredients|Step 2: Stir-fry the chicken|- Put the oil in the pan, when the oil is hot, add the chicken and stir-fry until the meat is cooked and golden.|- Then, add the garlic and shallots. Stir-fry until fragrant|Step 3: Stir-fry vegetables|- Next, add carrots and bell peppers and stir-fry with meat until vegetables are soft.|- Add mushrooms and bok choy and sauté for about 1 minute.|- If you want a spicy taste, you can add dried chili to stir-fry with vegetables.|Step 4: Mix the seasoning|- Mix egg yolks with soy sauce and sesame oil. Then, add this mixture to the pan and stir-fry with the meat and vegetables.|- Add pepper, sugar and salt to your taste.|Step 5: Add scallions and coriander|- Finally, add the green onions. and cilantro mix well.|- Turn off the heat and pour into a plate. You can use Chicken Stir-Fry to serve with rice or vermicelli.', 1),
       (2, 'Step 1: Prepare ingredients|-Cook spaghetti according to package instructions.|-Mix egg yolk, soy sauce and sesame oil.|Step 2: Stir-fry chicken|-Put oil into pan, when oil is hot Then add the chicken and stir-fry until the meat is cooked and golden.|-Then, add the garlic and shallot and sauté until fragrant.|Step 3: Stir-fry the vegetables|-Next, add the carrots and bell peppers and stir-fry. Mix with meat until vegetables are soft.|-Add mushrooms and bok choy and sauté for about 1 minute.|-If you want a spicy taste, you can add dried chili and stir-fry with vegetables.|Step 4: Mix seasoning |-Mix egg yolks with soy sauce and sesame oil. Then, add this mixture to the pan and stir-fry with the meat and vegetables.|-Add pepper, sugar and salt to your taste.|Step 5: Add scallions and coriander|-Finally, add the green onions. and cilantro, mix well.|-Turn off the heat and pour into a plate.', 2),
	   (3, '1. Wash the vegetables that need to be used, cut them into small pieces.|2. Peel and slice cucumbers, cut tomatoes into wedges or thin slices.|3. Cut the onion and red bell pepper into small pieces.|4. Place all of the cut ingredients in a large bowl.|5. Add feta cheese and olives and mix well.|6.Mix salt, pepper, olive oil and lemon juice to make a sauce.|7. Pour dressing over salad, mix well and enjoy.', 3),
	   (4, '1. Heat 1 tablespoon olive oil in a pan.|2. Add minced garlic and stir for about 30 seconds until fragrant.|3. Put the carrots and shallots in the pan and sauté for about 2 minutes.|4. Add the spinach, red bell pepper, green bell pepper, and pumpkin to the pan and saute for about 2-3 minutes.|5. Mix soy sauce, fish sauce and remaining 1 tablespoon olive oil in the pan and stir well.|6. Continue to stir-fry until the vegetables are soft and the sauce is evenly absorbed.|7. If you like you can add spices like black pepper, cilantro or other spices to enhance the taste.|8. Garnish with vegetables and add some finely chopped cilantro.', 4),
	   (5, '1. Bring water to a boil in a pot, then cook the quinoa according to package directions.|2. When finished cooking, stir with a spatula and let cool.|3. Mix together olive oil, lemon juice, shallot, red bell pepper, yellow bell pepper, cucumber, parsley, pistachios, salt and pepper (additional seasoning if desired). |4. Mix well with the cooled quinoa.|5. If desired, you can add some cilantro and garnish on top of the salad.', 5),
	   (6, '1. Heat the butter and chocolate in a slow cooker, stirring constantly until melted and homogeneous.|2. Heat the butter and chocolate in a slow cooker, stirring constantly until melted and homogeneous.|3. Heat the butter and chocolate in a slow cooker, stirring constantly until melted and homogeneous.|4. Heat the butter and chocolate in a slow cooker, stirring constantly until melted and homogeneous.|5. Add salt and vanilla extract to the mixture.|6. Gently fold the flour and cocoa powder into the mixture, mixing well.|7. Pour the mixture into a greased baking tray and cover with baking paper.|8. Bake in a preheated oven at 180 degrees C for about 25-30 minutes or until the inside of the Brownies is cooked and crispy.', 6),
	   (7, '1. Cook butter in a small saucepan or microwave until completely melted.|2. Place sugar in large mixing bowl and beat with eggs, then add melted butter and vanilla to mixture, mix well.|3. Mix flour, baking powder and salt in a separate bowl.|4. Add the dry powder part by part to the egg mixture, stirring well after each addition until the mixture is homogeneous.|5. Add fresh milk portions to the mixture, stirring well after each addition.|6. Add fresh milk portions to the mixture, stirring well after each addition.|7. Bake in a preheated oven at 180 degrees C for about 15-20 minutes or until the cake is done and lightly golden.|8. Garnish with whipped cream, frosting or your favorite candy.',7),
	   (8, '1. Heat a little cooking oil, add the purple onion and fry until fragrant, then add the meat and shrimp and sauté until cooked.|2. Heat a little cooking oil, add red onion and saute until fragrant, then add meat and shrimp and sauté until cooked.|3. Heat a little cooking oil, add the purple onion and fry until fragrant, then add the meat and shrimp and sauté until cooked.|4. Beat the eggs into a bowl, add to the above mixture, mix well.|5. Add spices, salt, sugar, pepper, seasoning to the mixture, mix well.|6. Take each piece of rice paper, put a little mixture in the middle, roll it up. Use eggs to sweep both ends to bind the cake.|7. Heat oil in a pan and fry spring rolls until golden brown.',8),
	   (9, '1. Put the cooking oil in the pan, add the onion and fry until fragrant.|2. Put the rice in and stir well and put the rice aside.|3. Add the eggs and stir the eggs until the eggs stick to the rice.|4. Add 1 tablespoon of fish sauce and fry until the rice grains are hunted, then turn off the heat and then add green onions.',9),
	   (10, '1. Put the pan on the stove, add cooking oil and dried onions to the pan.|2. Stir in shrimp and chicken.|3. Add carrots, peas, corn, and shiitake mushrooms. |4. When the ingredients are hunted, you add the rice to fry and season with ½ teaspoon of MSG, ½ teaspoon of seasoning, 2 tablespoons of soy sauce, chili sauce and ground pepper.|5. Stir the rice until the rice is soft.|6. Add scallions and turn off the heat.|7. Put the pan on the stove, add cooking oil and pour in the eggs.|8. Hold the pan handle and gently rotate it so that the egg spreads all over the pan.|9. When the egg is cooked, put the fried rice over the egg and roll it up.|10. Put the egg rolls in the pan to enjoy.',10),
	   (11, '1. Add cooking oil and minced garlic to the pan.|2. Add sausages and shrimp to the island with a little monosodium glutamate and salt.|3. Stir in the peas and corn. When the ingredients are cooked, put them on a plate.|4. Add garlic and saute until fragrant, then add salted eggs and stir well.|5. Add the rice and stir to cook the rice again.|6. Add all the sauteed ingredients to the pan and mix well. Season to taste.|7. Fry until the rice is soft, then turn off the heat and sprinkle with chopped scallions.',11),
	   (12, '1. Peel the onion and cut it into small pieces. Next, peel and cut shrimp.|2. Marinate shrimp with onion and little salt with ground pepper.|3. Put eggs in a bowl, add fresh milk and mayonnaise and stir well.|4. Put the pan on the stove, add cooking oil, then fry the egg mixture until golden brown.|5. Put the soy sauce, tomato sauce, and sugar in the bowl and stir well.|6. Put the cooking oil in the pan, when the oil is hot, add the shrimp mixture and stir fry.|7. When the shrimp is slightly red, add the rice and then pour the sauce over it and stir it by hand until the rice is evenly coated with the sauce.|8. When the rice is cooked, you can put the egg on top and enjoy!',12),
	   (13, '1. Add oil and dried onion to fry until fragrant, then add shrimp and squid and stir-fry.|2. Add red cabbage, corn, and shiitake mushrooms.|3. Add the rice to fry with ingredients and season with monosodium glutamate, ground pepper, seasoning, soy sauce, chili sauce.|4. Stir the rice until the rice is cooked, then add scallions and cilantro and turn off the heat.|5. Put cooking oil in a pan, fry the beaten eggs.|6. Put the egg on top of the rice or roll the rice.',13),
	   (14, '1. Cut the scallions at the root, wash them thoroughly, especially the tubers or soil attached to them. Then cut into short pieces about 1-2 cm.|2. Red onion peeled, washed and chopped.|3. When you buy fresh milk oysters, take a dishwasher or brush to scrape off the shell. Then remove the shell, remove the oyster meat inside. Place oysters in a basket and rinse thoroughly under cold running water. Dry.After the oysters are drained, put them in a bowl to marinate with a little salt, seasoning and ground pepper for 15 minutes.|4. Crack eggs into a bowl, beat eggs with 2 tablespoons fish sauce, 1/2 teaspoon seasoning, 1/4 teaspoon salt, 1 teaspoon white sugar, 1 teaspoon ground pepper, 1 teaspoon MSG and whole scallions.| 5. Pour in the oysters and then stir with chopsticks, beat until dissolved to combine the eggs, oysters and spices.|6. Place a deep pan or small saucepan on the stove, heat with 4 tablespoons of cooking oil. When the oil is hot, add the red onion and fry until golden and fragrant. Then pour the bowl of eggs and oysters into the pan.|7. Turn the heat to low and close the lid to prevent the eggs from burning because oysters take longer to cook than eggs. When you see that the underside of the egg is cooked, you cleverly use a spoon or flip the other side to fry until golden. Remember to be careful not to tear the eggs. Once the eggs are golden brown on both sides, turn off the heat.',14),
	   (15, ' 1. Put the pan on the stove with medium heat, add the glutinous rice and green beans to roast, stir until fragrant, then turn off the heat and put it in a small bowl.|2. Use that pan to roast the salt, roast for about 3 minutes, then turn off the heat.|3. Put green beans, glutinous rice, salt and pepper in the mortar to puree.|4. Put the pan on the stove and add about 1 cup of cooking oil, then bring to a boil.|5. When the oil is hot, add ginger and lemon leaves and fry until fragrant.|6. Use a sieve to pick it up and put it on a plate lined with paper towels or greaseproof paper.|7. Continue to fry the shredded lemongrass, using chopsticks to gently stir to avoid oil splashing. Fry for about 3-4 minutes for the lemongrass to turn straw yellow.|8. Heat the oil in a pan, roll each piece of chicken through the dry tapioca flour and then add each piece of chicken in turn to the frying pan until golden brown.|9. When the chicken is golden brown, take the chicken out and put it in a small bowl, put the pureed salt mixture into the bowl, cover and shake well. You should add salt when the chicken has just taken out and is still hot, doing so will allow the spices to penetrate into the chicken.',15),
	   (16, ' 1. Buy red snapper, clean, use a knife to remove the backbone, fish fillet into long thin pieces.|2. You use a clean towel or absorbent paper to absorb all the water on the fish.|3. Cut the fish into bite-sized rectangular pieces.|4. Fish will be marinated with a little salt and pepper.|5. Roll each piece of marinated red snapper through deep-fried flour and a layer of egg, and finally a layer of breadcrumbs.|6. Put an oil pan on the stove, wait for the oil to heat up, then drop each piece of fish in and fry until the fish is golden and crispy, then put the fish on a plate. Note that the disc is already lined with greaseproof paper.',16),
	   (17, ' 1. After buying fish, wash it with salt, drain the water, then use a knife to cut it diagonally on top of the fish, so that when marinating the fish with spices, it can soak into the fish meat faster.|2. Lemongrass and chili are washed, chopped and mixed with 1 teaspoon of salt, 1 teaspoon of sugar, 1 teaspoon of seasoning.|3. You should wear gloves before marinating fish. Gently apply the lemongrass and chili mixture on the body of the red snapper, paying attention to marinating the inside of the fish so that the fish can absorb the spices for 15 minutes.|4. Now, you heat up the oil pan, wait for the oil to boil and then fry the fish until golden brown on both sides, paying attention to low heat until the fish is cooked evenly and golden crispy.|5. After frying, quickly put the fish on the plate. Fried red catfish with lemongrass and chili must be served hot with rice, it will be very delicious.',17),
	   (18, ' 1. After purchasing the squid, remove the ink, peel off the skin of the squid, and then wash it.|2. Use a knife to cut diagonal lines on the squid body and cut into bite-sized pieces.|3. You put the squid in a bowl, then add a little salt, seasoning, ground pepper, monosodium glutamate and then mix well and let it sit for about 15 minutes for the squid to infuse the spices.|4. Put the pan on the stove, when the pan is hot, add cooking oil, heat until the oil is hot.|5. Crack an egg into a bowl, roll the squid in the flour and dip it in the egg, then roll the squid through the flour a second time and then put it in the frying pan when the squid is golden.',18),
	   (19, ' 1. To dry the squid, you put it on the stove to cook and then tear it into small pieces. Green pepper you also bake with low heat, when the pepper is fragrant, put it in a mortar and pound.|2. Heat a pan, add 1 tablespoon of cooking oil, when the oil is hot, add shredded squid and fry evenly.|3. Add minced onion, garlic, chili pepper and fry until fragrant.|4. You add green pepper to roast for 2 minutes, when the pepper smells good, add the squid and roast for another 5-7 minutes.|5. Season squid with pepper, white sugar, fish sauce to taste, then turn off the stove.',19),
	   (20, ' 1. Wash the pork and mince or puree it.|2 Soak the shiitake mushrooms in water, cut the legs, soak the wood ear mushrooms in water until soft. Then, mince both of these mushrooms. small.|3. Peeled and diced onions.. Washed and chopped scallions.|4. The noodles are soaked in water until soft and then cut into 2cm lengths.|5. You put the minced pork into the bowl. along with wood ear, minced shiitake mushrooms, vermicelli, onion, scallions, minced squid beard.Then, marinate with ground pepper, ½ teaspoon salt, ½ teaspoon MSG, then mix well with chopsticks, marinate for about 20 minutes. let the filling soak into the seasoning.|6. When the meat filling is absorbed, use a spoon to scoop the filling and put it in the squid body. Use your hands to gently press the meat down the body.Put the right amount of filling, not too loose or too tight. Because when frying, the filling will expand, if it is too loose, the filling will separate, if it is too tight, the ink will be torn. Then, use a bamboo toothpick to pin the ink tip. .You put the squid in a steamer with water for 20 minutes, let the squid cook with the meat filling, then remove to a plate to cool.|8. Put cooking oil in a hot pan, then drop the squid in and fry on high heat. You fry the squid until the body of the squid is all golden brown. Put the pan on the stove, add cooking oil, wait until the oil is hot, then add the squid and fry on high heat. Fry until the squid body is golden brown. Then you take it out and line it under greaseproof paper. Then cut them into circles.',20),
	   (21, ' 1. Squid you wash and then separate the head. Then chop the squid head. The bacon is washed and finely chopped. The scallions are washed and chopped.|2. Put minced meat, squid head, scallions in a bowl. Season with 1 teaspoon salt, 1 teaspoon sugar, ½ teaspoon MSG, 1 teaspoon seasoning powder, 1 teaspoon ground pepper, then mix well and marinate for 20 minutes for the meat to infuse spices. |3. Use a spoon to scoop the filling and put it inside the squid. Just enough stuffing, avoid tearing the ink. Then use a bamboo toothpick to pin the ink tip.|4. Add 2 tablespoons of fish sauce, ground pepper, monosodium glutamate, 2 tablespoons of sugar, 2 tablespoons of filtered water and stir until the spices are completely dissolved. Then, you put cooking oil in the pan, fry the squid on both sides until golden brown. When the squid is cooked, you add a cup of sauce, turn down the heat, cook until the sauce is thick.|5. When the ink turns yellow, turn off the stove, put the squid on a plate, pour the sauce on top. So squid stuffed with fried meat and fish sauce is done.',21),
	   (22, ' 1. Wash chicken, cut into bite-sized pieces. Marinate chicken with garlic, seasoning, a little sugar for about 30 minutes.|2. North a pot of water, in which the onion, crushed ginger, add a little salt and then drop the marinated chicken into boiled. After the chicken is cooked, take it out and let it dry completely.|3. The chicken must be left to dry so that the chicken skin can be crispy when fried. Pour oil into the pan, let the oil get hot, then drop the chicken in and fry until the skin is crispy and golden brown.|4. The chicken broth is filtered through a cloth and used to cook rice. Meanwhile, saute garlic with cashews (if you want red rice) or turmeric powder (if you want yellow rice), then remove the garlic and keep only the fried fat. Then when the rice is cooked, mix the rice with the fat. Next, put the pan on the stove, turn the heat to medium and stir the rice until the rice is cooked and turn off the stove.',22),
	   (23, ' 1. Vegetarian young ribs are bought at the market or supermarket, soaked in cold water for about 5-10 minutes to soften.|2. Next, you tear the vegetarian ribs into pieces 2-3 knuckles long.|3. Lemongrass and chili are washed, then thinly sliced and minced.|4. Marinate the young ribs with minced lemongrass, chili, salt, monosodium glutamate, and pepper and leave for about 20 minutes for the ribs to absorb the spices evenly.|5. Put a pan on the stove, heat it with a little vegetable oil. When the oil is hot, you put the vegetarian ribs in and fry each part.|6. Fry until golden brown, then remove to a plate with greaseproof paper. So the deep fried vegetarian ribs are done.',23),
	   (24, ' 1. Soak the vegetarian ribs in water for about 30 minutes to soften the ribs. Remove ribs, tear into bite-sized pieces.|2. Heat cooking oil in a pan. Pour minced onions into the pan and fry until fragrant, then fry the young ribs until golden brown.|3. Add soy sauce, salt and sugar to the pan to taste. Rim the ribs for about 10 minutes on low heat for the ribs to absorb the spices and then turn off the heat.|4. Remove the soy sauce ribs to a plate and enjoy while still hot.',24),
	   (25, ' 1. Wash the beef thoroughly, cut into bite-sized squares, aiming for about 2cmx2cm is enough. Beef is marinated with 1 tablespoon of oyster sauce, 1 tablespoon of olive oil, 1 teaspoon of pasta, 1 teaspoon of seasoning, mix well. After marinating, the beef needs to be left for about 3 hours to infuse the spices and soften.|2. Onions, green peppers, red peppers cut into squares with chess pieces, washed and sliced tomatoes. Potatoes are peeled, washed, cut into long pieces, fried until golden brown.|3. Put the pan on the stove, pour a little oil in, add chili, onion and stir-fry for about 2 minutes, add a little seasoning, then pour in the tomatoes and stir-fry to avoid the tomatoes being too crushed.|4. Remove the ingredients to a separate plate. Put the pan back on the stove, when the pan is hot, add the cooking oil, add the garlic and fry until fragrant. Next, add the beef and stir-fry quickly for 2-3 minutes, then add the vegetables and stir well for 2 minutes.',25),
	   (26, ' 1. Garlic peeled, pounded. Ginger is peeled and finely chopped.|2. After buying chicken, use white wine and salt to rub it to clean the smell. Then wash off the alcohol and salt, cut into bite-sized pieces or leave as you like. Marinate chicken with 1-2 tablespoons fish sauce, ½ teaspoon pepper, ½ teaspoon MSG, 1 tablespoon cooking oil and a little ginger for about 15 minutes.|3. Put the pan on the stove and add the right amount of cooking oil, wait for the oil to boil, then drop in each piece of chicken wings and fry until the chicken is crispy and has a beautiful golden color. Then, take out the chicken to drain the oil.|4. Use the pan that has fried the chicken wings, add garlic and 1 tablespoon fish sauce and 1 tablespoon sugar, and fry until the garlic is golden fragrant. Then put the fried chicken back into the pan, quickly stir over high heat and re-season the spices to taste. And when you are about to turn off the heat, add chili.|5. You put the chicken on a plate and garnish with lettuce, a few slices of tomato and add a few stalks of cilantro on top and the dish is complete.',26),
	   (27, ' 1. Onions cut into small pieces, peppers cut into small pieces.|2. Chicken wings are cleaned, washed (the above method can be applied), dried and marinated with spices (ratio as above) and before frying, put in ½ tablespoon of fried flour and stir well.|3. Put cooking oil in the bottom of the pan and heat until the oil is hot. Add the chicken wings and fry until the meat is cooked and golden brown. Remove to drain the oil.|4. Take a new pan and add 2 tablespoons of cooking oil, until the oil is hot, add the garlic and sauté until fragrant, then add a tablespoon of chili sauce, 2 tablespoons of sugar and 4 tablespoons of fish sauce, stir until dissolved, and then add chopped chili. available on.|5. Add the drained chicken to the rim, stir quickly with high heat, until the chicken is coated with sauce, reduce the heat to low and add the onion. Stir well until the sauce thickens, you can turn off the stove.',27),
	   (28, ' 1. After buying chicken wings, you can squeeze them with a little vinegar and salt, then wash them thoroughly and let them dry.|2. Put the chicken wings in a bowl to marinate with a little salt, seasoning powder, white pepper and a little chili powder, mix well and let stand for 1 hour for the chicken wings to absorb the spices.|3. You mix the breadcrumbs and cornstarch in a large bowl, then divide them into 2 equal parts. You slowly add water to 1 part of the divided flour and stir well until the dough has a thick consistency, then stop, we get a wet dough mixture.|4. Dip the chicken wings one at a time in the wet flour and then the dry flour so that the batter covers all sides of the wings.|5. Put oil in a pan about 1/3 full and bring it to a boil. When the oil is hot, put each chicken wing in turn, fry until crispy, then remove and place on absorbent paper to drain the oil.',28),
	   (29, ' 1. Put squid, fat, meat and shrimp in a bowl, add seasoning according to the ratio: 1 teaspoon seasoning, 1 teaspoon salt, 1/2 teaspoon sugar, 1/2 teaspoon ground pepper and 2 teaspoon fish sauce. Mix well, then cover with cling film and place in the freezer for about 4 hours. With the squid beard, cover it with cling film and also put it in the freezer.|2. Once the ingredients are frozen, take them out and put them in the blender until they are smooth and fine. Next, you cut the squid beard and mix it with the pureed squid meat, pound it with a pestle until the mixture is tough and smooth.|3. Apply a thin layer of cooking oil on your hands and then squeeze the squid meat into flat, round-shaped pieces. Put oil in a pan, turn on the stove until the oil is hot, then fry the squid until golden brown on both sides. When the rolls are cooked, take them out and put them on a plate lined with paper towels to absorb the oil.',29),
	   (30, ' 1. Wash the shrimp, cut off the head, leaving the tail. Peel, remove the black thread on the back of the shrimp and season the shrimp with ¼ teaspoon of pepper, ½ teaspoon of salt. Bacon washed, cut into 5mm thick pieces and seasoned like shrimp. With purple onions, you peel, slice and dry them to dry.|2. Rice paper must be kept moist and soft, then pack it wherever you want to use it to prevent it from drying out. You use egg white to stick the edge of the roll, spread the rice paper flat on the tray. Then put inside the edge of the cake 1 shrimp, 1 slice of meat, a few pieces of purple onion, one hand holds the ingredients, the other hand holds the edge of the cake and then slowly rolls it. When the roll is close to the remaining edge, brush a little white on the surface of the cake and then roll it again, gently arrange the rolls with ram on the tray.|3. The frying operation requires the technique of using oil and keeping the fire evenly so that the ram vermicelli can be crispy for 3 to 4 hours. After putting the oil in the pan to cover the rolls, turn on high heat to bring the oil to a boil. You can use a chopstick to test the oil, if there are air bubbles around the chopsticks, the oil is hot. Let is lower the heat to the level of fire just then put in the ram, turn the heat to the lowest level so that the inside is also cooked evenly and crispy. Note, turn the rolls evenly until you see a golden orange color all over the rolls and line the rolls with oil absorbent paper on a plate when removing the rolls to drain the oil.',30),
	   (31, ' 1. You should buy bacon just to have both lean and fat, it will taste better and when frying the eggs will not be dry. When you buy meat, you wash it with dilute salt water and then wash it clean, drain and then mince it.|2. Dried red onion peeled, washed, smashed and minced.|3. Scallions are removed from the root, withered and damaged leaves, then washed and finely chopped.|4. Prepare a clean bowl or bowl, break all the eggs in, then add minced meat, half a finely chopped green onion, mix well, and season with spices including: 1/3 teaspoon salt, ¼ teaspoon pepper, ½ teaspoon seasoning coffee, 1 teaspoon delicious fish sauce. Use chopsticks to beat until the spices are completely dissolved.|5. When you are done, put the pan on the stove and turn it on to medium heat. Add 1 tablespoon of cooking oil to the boil, then add minced shallots and sauté them until fragrant. Continue to pour in the egg mixed with minced meat and then cover the pan until the eggs are cooked evenly, observe when the eggs are just cooked, turn them over to cook evenly on both sides and have a nice golden color, then turn off the heat.',31),
	   (32, ' 1. Tofu you boil over boiling water mixed with a little salt to clean, then take out to dry.|2. Prepare a clean tray or tray and arrange tofu, cheese, and bacon one by one.|3. You use a small sharp knife, wash, dry and then make a slit on the bean cover and keep the two ends, not cut off completely. Do the same as cutting stuffed tofu.|4. Next, you take a piece of bacon and roll the cheese and then press the incision on the tofu cover to fit well, not too big or too small for the beautiful bean cover. Repeat this until you run out of ingredients.|5. You prepare a bowl, add flour and mix with water into a liquid mixture.|6. Crack the eggs into another bowl and beat. Fried dough for tray.|7. Then, roll each cheese sandwich in the flour in turn, continue to coat the beaten eggs and roll in the breadcrumbs, leave for 3 minutes for the flour to penetrate into the beans.|8. Put a deep pan on the stove, add about 1 liter of cooking oil, then boil the oil and then pick up the tofu covers with cheese and fry them in oil. When frying, pay attention to flip the cover to cook until it is golden and crispy, then take it out and put it on paper towels to absorb oil. Then present it on a beautiful disc.',32),
	   (33, ' 1. Corn is separated into each grain, note that when choosing corn, you should choose the type with medium grain, you can press your fingernails through.|2. Crush corn and then add purple onion, crispy flour, chives, pepper, salt and mix well by hand to infuse the corn with spices.|3. After mixing corn with spices, you continue to add 1 egg and mix well.|4. Put the pan on the hot stove, add 4 tablespoons of oil to the pan. When the cooking oil floats on the toothpick, scoop each spoon of the corn mixture into the pan (note that you should add a moderate amount), use the spoon to gently press it so that the mixture spreads evenly and the patties are flat. You fry until the edges start to turn golden, then flip to the back side.|5. After frying both sides until golden brown, then you take it out on a plate, do not forget to line the plate with greaseproof paper to make it more delicious.|6. Prepare a plate of raw vegetables, chili garlic fish sauce or chili sauce to serve with corn rolls.',33),
	   (34, ' 1. Use salt to rub the eel to remove the slime. If you have kitchen ash, you can use it to remove slime from the eel.|2. Thoroughly wash the eel with water, then use a knife to cut the sides of the eel, gently roll it, pin it with a toothpick so that the eel does not come off.|3. Put the eel in a large bowl, marinate 1 spoon of fish sauce, seasoning powder and sugar in a bowl, mix well, let the eel to absorb the spices.|4. Peel the ginger, wash it, cut it into slices. Dried garlic peeled and smashed.|5. Put the pan on the stove, pour some cooking oil, wait until the oil is hot, then add the garlic and saute. After that, pour ginger and chili into the island for aroma.|6. Add a little oil to the pan and then put the eel in and fry until the eel is golden crispy. Remove the eel to a plate and enjoy.',34),
	   (35, ' 1. The pork belly is turned upside down, put in a bowl, soaked with vinegar and salt, and then squeezed thoroughly. Next, rinse with water, then turn right side. Then take it out to dry and cut the intestines into pieces about 6-7 cm long.|2. Garlic you bring peeled, minced.|3. Chopped green onions.|4. Chopped chili pepper.|5. You put the cooking oil in the pan, when the oil is hot, you put the heart into the pan and fry until golden brown, then take it out and drain the water.|6. You pour the cooking oil into the bowl, leaving only a little in the pan. Then add minced garlic and sauté until fragrant. Add minced chili, 3 tablespoons fish sauce, 2 tablespoons sugar, a little MSG, ground pepper, minced chili, then stir to dissolve the seasoning. Then you put your heart in. Stir until the heart is cooked and infuse the spices, then add the green onions and turn off the heat.|7. That is it, you put the fried fish sauce on a plate and enjoy it with steamed rice and raw vegetables.',35);
